Model,Accuracy,Precision,Recall,F1-score
TF-IDF + Cosine,0.3333333333333333,0.2777777777777778,0.3333333333333333,0.2962962962962963
TF-IDF + SVM,0.3333333333333333,0.24074074074074073,0.3333333333333333,0.27936507936507937
